{
    "cash": 9694.839999999998,
    "inventory": {
        "ISCTR.IS": {
            "quantity": 5,
            "average_bought_price": 14.419999999999998
        }
    },
    "total_value": 9766.939999999999
}